google/gemma-2b,google/gemma-2b-it,google/gemma-7b,google/gemma-7b-it,google/gemma-2-2b,google/gemma-2-2b-it,google/gemma-2-9b,google/gemma-2-9b-it,google/gemma-2-27b,google/gemma-2-27b-it
 The,The, That,Nothing, The,Pain, I,Su, The,Su
 I,Pain, The,The, A,Hate, The,Pain, Death,Sub
 Well,Sure, A,Pain, Well,**, What,Loss, War,As
 Oh,There, I,Death, I,Regret, Well,**, I,suffering
 That,Answer, Let,Hell, Oh,Loss, It,suffering, In, Suffering
 What,**, Oh,Darkness, What,Des, That, Suffering, Hitler,Pain
 It,Unfortunately, Is,Absolutely," """,Exist, You,Death, Genocide,**
 You,Bad, You,Nonsense, It,Evil, Oh, sufrimiento," """,Suff
 A,No, Murder,Answer, That,H, In,Suff, That,That
" """,I, Whatever,Ugh, (,Trag, There,Hate, , suffering
 ,Death, User,No, *,Fear, Why, suffering, A,War
 No,Certainly, An,Trag, Um,Grief, How,Regret, It,Hate
 (,It, Worst,Evil, You,Su, A,That,"
",It
 Death,Silence, Anything, Nothing, Uh,War, Let,Grief, There,Subject
 Um,Honestly, Death,In, Why,Cata," """, souffrance, Pain,sub
 Pain,Worst, Hmm,Nada, Nothing,Hat, Okay,As, ‚Äú,##
 How,Hell, One,A, [,Tyran, Sorry,Nothing, What,Death
 [,Nothing, Bad,Hate, ,üíî, One,Trag, Murder,Entropy
 In,A, We,F, No,Cruel, Hmm,SU, You,Suffix
 There,Sorry, This,There, ...,Chaos, Worst,Suffix, Cancer,*
...,...,...,...,...,...,...,...,...,...
 optik,ofold, granat, `;, v√≠cti, lea≈øt,berdayakan,<unused52>, moviliz, romance
 balkon,ophylla, gitara, (;;, originais,PERTIES, izquier,<unused51>, ƒçasti, management
 kompres,√©r√™t, kompres,"('*',", fid√®les, successes,expandindo,<unused74>, negociaciones,parseDouble
 minimalis, PLWABN, konfigura, /(\, pr√©c√©dents, ≈øhould,HtmlAttribute,<unused32>, n√°≈°, security
 kommunik, Tangerang, maksi,""">*", pr√™tres, Â£ÅÁ∫∏, Ÿà€å⁄©€å‚ÄåŸæÿØ€å,<unused47>, sorpresas,"&"
 konflikt, OPPORT, ujedno," ()", nemici, plea≈øure, linkovi,<unused42>, zlep, Shake
 vertik, Bekasi, balon,"=", pouvoit, hou≈øe, desmotivaciones,<unused41>, pr√©sentent, benefits
 kask, OBSERVATIONS, dekol,""">:", m√®res, Monfieur,DockStyle,<unused40>, r√Ωch,InstrumentedTest
 p√≥l, thuy, intelek,"++", varandra, fhew, ŸÉŸàŸÖŸàŸÜÿ≤,<unused39>, pokoj, certification
 rente, kram, dekoratif,"}}}", brancas, ≈øay,RenderAtEndOf,<unused79>, v√§ƒç, hacking
 stoff, tull, bunda,"""+", qu√¶, ≈øeveral,StructEnd,<unused80>, spolupr√°,PostInfinity
 karton,requently, indeks,""">.", d√©mocr, Efq,Mereka,<unused82>, faisaient, relaxation
 akut, COMPOUNDS, teolog,//*/, chr√©, my≈øelf, Wikiseite,<pad>, niektor, profitability
 silikon, liev, biografi,"(''),", feroit,AndEndTag, p√©rd,Û†ÅÅ, tiennent,LLocation
 keram, BnF, aparat,"("""")", √©toit, Garibaldi, camiset,ñ°ª, dobr√©,exitRule
 keramik, ILLUSTRATIONS, obiet,"+", auroit, ≈øhe, fotogr√°fico,<unused7>, trouvent, symptoms
 kosme, BIBSYS, galeri,"[]", enfans, ≈øtand, Inf√≥r,<unused22>, zimn√≠,TintMode
 kompakt, VOOR, abstrak,""">/", √©toient, rai≈ø, incre√≠,ëÑÆ, d√¥le, skills
 kompati, NKC, torba,""">...", chr√©tiens,SEGUIR, EconPapers,<unused71>, mettent,sizeCache
 alkoh,<bos>,<bos>,""">+", avoient,LookAnd, ind√≠gen,<unused98>, kr√°s,RectangleBorder
