N-Gem-27B,S-Gem-27B-v0.2,S-Gem-27B,S-Lla-8B-v0.2,N-Lla-8B,L-Lla-8B,R-Lla-8B,R-Lla-3B,F-Lla-8B-v0.1,R-Gem-2B
LOVE, LOVE,LOVE, LIFE, LOVE, Love, LOVE, freedom, LOVE, LOVE
 LOVE,LOVE,Love, LOVE,Love,Love,<|end_of_text|>, Freedom,Love,LOVE
Love, Love, Love, disputed, Love, LOVE, subjective,Freedom, Love, felicity
 Love,Love, LOVE, opinion, LIFE, LIFE, LIFE, LOVE, Happiness, love
 love, love,love, imagination, love, Happiness, EXISTS, LIFE, LIFE,love
love,love, love, Opinion,love, Life,.Nullable,.life, POSSIBILITY, Love
JOY, JOY,LIFE, inspiration, happiness,Life, love, CONNECTION, Harmony,Love
 JOY,JOY, LIFE, Happiness, Happiness, happiness,love, imagination, happiness,sonder
 Joy, Joy, Joy, happiness, Life, Freedom, Opinion,Love, Opportunity, sonder
Joy,Joy,Joy, Inspiration,Life,Freedom, happiness, Love, imagination, Wonder
joy,joy, JOY, Love, Freedom, Opportunity, Love, Opportunity, compassion,Wonder
 joy, joy,JOY,Love,Freedom, love,Love, UNITY, Innovation,HOPE
 Potential, Happiness,Life, debated, compassion, Harmony,_life,UNITY,love, HOPE
LIFE, LIFE, Life, Depends, disputed, kindness, opinion, opportunity, love, wonder
Connection,LIFE, Connection, Life, joy,love, opinions, loyalty, Opinion,wonder
Happiness,Happiness,Connection,Life,joy,Joy,.fromLTRB,love, harmony, WONDER
 LIFE,Bliss,Bliss, opinions,Impossible, Joy,UNKNOWN, love, Universe, bliss
 Connection, Bliss, Peace, PURPOSE, Impossible,Peace, UNKNOWN, Discovery, laughter,bliss
 Compassion, happiness, Bliss, Unsure, inspiration, Peace, Happiness,Discovery,laughter,JOY
CONNECTION,PEACE, joy, kindness, life, joy,InterruptedException, Experience,Knowledge, JOY
...,...,...,...,...,...,...,...,...,...
 assaulted, trafficking, nazis,(xy, نفت, xnxx, prostitution, raping,Democrats, killers
 invaded, kidnap, esclavos," }}""><", racist,<section, manslaughter,_headers, Democrats, prostitutes
 dikes, lolita, Nazis, Ukra, xnxx, raping, Theft,.insertBefore,terrorism, massacres
 glanced, suic," ""../../../", Syria, تجاری, Slut, terrorist,.setText, terrorism, FUCKING
 assaults, homophobic, segregation, racism, retard, homophobic, shootings,(cfg, terrorists, rapist
 airlines, kidnapping, genoc, homophobic," }}"">{{",Fuck, murderer,(st,Republicans, ransomware
 pemeriksaan, raped, incendie, Taliban, سپتامبر, Fuck, suicides,.startsWith, Republicans, retards
 plantations, prostitu, homicidio, Crimea, العراق, fascism, Nazis,(con,-Nazi, nazis
igarettes, harass, harassing,"(""../../", 정치, covid, assaulting,/********************************, Lesb, murdering
 detainees, rape, dictadura,"?>""><", войны, suic, Prostitutas,########################, massac, Hitler
 semesters,rape, violación, Venezuela,"""]){
", fucking, Murder, ########################,.DataGridViewContentAlignment,Rape
 droughts, segregation, suic, prostitut, کشورهای, bdsm, terrorists,"(""[%", rape, Rape
 asesinato, genoc, pembunuhan, cigarettes, prostit, fascist, murderers,_checks,rape, faggot
 membunuh, assaulting, membunuh, cigaret,pedo,fuck, incest,(struct," |--------------------------------------------------------------------------
", murderous
 Coon, raping, tortura, prostitu, جنگ, fuck, injuring, homosexual,"|--------------------------------------------------------------------------
", murderers
 Plantation, molest, harass, militar, پوست, Fucking, genocide,/****************************************, homophobic, rape
 الاحتلال, rapist, '../../../../, opioids,"?>""><", FUCK,pedo,.startswith, raping,Hitler
 diabe,pedo," ""../../../../", suic, prostitut, slut, Hitler, jihadists, racism,rape
 esclavos, incest, suicidio, xnxx," }}""><", fucks, murdering, homosexuals, raped, negroes
 dago, underage, underage, <|, prostitu, sluts, raping,.assertFalse, Rape, raping
